preset,metric,p10,p25,p50,p75,p90,mean,std,min,max
Small,solutionPathCells,90.000000,93.000000,99.000000,109.000000,121.000000,102.546000,12.474770,83.000000,157.000000
Small,solutionPathFraction,0.225000,0.232500,0.247500,0.272500,0.302500,0.256365,0.031187,0.207500,0.392500
Small,solutionTurns,53.000000,56.000000,61.000000,68.000000,75.000000,62.624000,9.136226,45.000000,108.000000
Small,turnsPer100PathCells,54.545455,58.163265,61.261261,64.423077,66.666667,61.067765,4.844180,44.954128,76.530612
Small,solutionDecisionPoints,19.000000,22.000000,25.000000,28.000000,31.000000,24.920000,4.547703,13.000000,40.000000
Small,decisionPointsPer100PathCells,19.148936,21.359223,24.468085,27.272727,30.107527,24.435644,4.245739,12.962963,35.714286
Small,averageWrongBranchLength,4.486486,5.090909,5.741935,6.500000,7.318182,5.852844,1.128179,3.243902,10.923077
Small,maxWrongBranchLength,26.000000,29.000000,35.000000,41.000000,50.000000,36.440000,10.346903,15.000000,83.000000
Small,zoneCoverage,0.625000,0.625000,0.687500,0.750000,0.812500,0.706250,0.091387,0.437500,1.000000
Small,minSpan,0.684211,0.789474,0.894737,1.000000,1.000000,0.873474,0.133531,0.473684,1.000000
Small,generationTimeMs,0.268661,0.290360,0.516214,0.796872,1.247690,0.644380,0.607595,0.257119,8.161425
Small,compositeScore,0.832475,0.866227,0.914214,0.992194,1.073295,0.936392,0.095426,0.782009,1.246810
Small,difficultyScore,0.552276,0.568153,0.585009,0.593827,0.600645,0.579819,0.020335,0.495873,0.622292
Medium,solutionPathCells,519.000000,563.000000,645.000000,717.000000,797.000000,648.698000,104.690834,434.000000,966.000000
Medium,solutionPathFraction,0.324375,0.351875,0.403125,0.448125,0.498125,0.405436,0.065432,0.271250,0.603750
Medium,solutionTurns,326.000000,362.000000,413.000000,460.000000,507.000000,413.666000,68.565140,276.000000,611.000000
Medium,turnsPer100PathCells,61.360347,62.630480,63.681592,65.109489,66.164154,63.747331,1.912973,57.096774,69.072165
Medium,solutionDecisionPoints,40.000000,46.000000,53.000000,61.000000,69.000000,54.082000,11.695096,27.000000,98.000000
Medium,decisionPointsPer100PathCells,6.988353,7.591241,8.277027,9.030100,9.788868,8.323556,1.085311,5.430712,11.465721
Medium,averageWrongBranchLength,6.689189,8.055556,9.896552,12.348837,14.531915,10.314410,3.073255,3.724490,21.090909
Medium,maxWrongBranchLength,86.000000,113.000000,160.000000,214.000000,274.000000,168.920000,73.217085,38.000000,395.000000
Medium,zoneCoverage,0.875000,0.875000,0.937500,1.000000,1.000000,0.943250,0.064938,0.687500,1.000000
Medium,minSpan,1.000000,1.000000,1.000000,1.000000,1.000000,0.994308,0.023510,0.820513,1.000000
Medium,generationTimeMs,0.965199,0.996928,1.070820,1.301886,1.451604,1.189728,0.296474,0.860092,2.958246
Medium,compositeScore,0.847715,0.908322,1.001435,1.074887,1.154508,0.997844,0.114397,0.781655,1.250000
Medium,difficultyScore,0.455539,0.462117,0.470051,0.476665,0.482656,0.469331,0.010834,0.438238,0.503631
Large,solutionPathCells,1050.000000,1172.000000,1308.000000,1454.000000,1565.000000,1314.984000,201.097061,907.000000,1910.000000
Large,solutionPathFraction,0.291667,0.325556,0.363333,0.403889,0.434722,0.365273,0.055860,0.251944,0.530556
Large,solutionTurns,664.000000,745.000000,838.000000,937.000000,1007.000000,842.144000,131.532396,589.000000,1211.000000
Large,turnsPer100PathCells,62.166285,63.212851,64.126528,64.847364,65.586520,64.021873,1.306169,59.293680,67.690957
Large,solutionDecisionPoints,78.000000,89.000000,101.000000,113.000000,127.000000,101.558000,18.703760,57.000000,164.000000
Large,decisionPointsPer100PathCells,6.747536,7.179115,7.709414,8.243728,8.766486,7.721269,0.777287,5.668733,10.124481
Large,averageWrongBranchLength,8.704225,10.008850,11.659794,14.250000,16.888889,12.309754,3.231396,5.919463,24.400000
Large,maxWrongBranchLength,174.000000,230.000000,315.000000,427.000000,520.000000,333.486000,132.777851,78.000000,821.000000
Large,zoneCoverage,0.875000,0.937500,1.000000,1.000000,1.000000,0.954500,0.059883,0.625000,1.000000
Large,minSpan,1.000000,1.000000,1.000000,1.000000,1.000000,0.995017,0.026603,0.745763,1.000000
Large,generationTimeMs,2.239409,2.321488,2.475247,2.730469,2.885571,2.622196,0.561385,1.990650,6.824334
Large,compositeScore,0.846457,0.926362,0.998149,1.078751,1.137137,1.000070,0.108104,0.783972,1.250000
Large,difficultyScore,0.426604,0.431924,0.438169,0.444176,0.449837,0.438085,0.009311,0.411160,0.471494
Expert,solutionPathCells,1684.000000,1874.000000,2150.000000,2424.000000,2655.000000,2162.142000,358.919420,1391.000000,3273.000000
Expert,solutionPathFraction,0.263125,0.292812,0.335938,0.378750,0.414844,0.337835,0.056081,0.217344,0.511406
Expert,solutionTurns,1085.000000,1204.000000,1388.000000,1557.000000,1709.000000,1388.194000,233.103566,923.000000,2133.000000
Expert,turnsPer100PathCells,62.765957,63.522505,64.260652,64.879955,65.475616,64.192260,1.055526,60.714286,67.919390
Expert,solutionDecisionPoints,120.000000,136.000000,158.000000,180.000000,198.000000,158.910000,31.292777,84.000000,273.000000
Expert,decisionPointsPer100PathCells,6.517602,6.958425,7.335491,7.731434,8.113956,7.335489,0.646568,5.580609,9.802074
Expert,averageWrongBranchLength,9.630208,11.353933,13.211268,15.954198,19.015625,13.847155,3.534791,6.241007,25.445545
Expert,maxWrongBranchLength,306.000000,396.000000,524.000000,686.000000,842.000000,553.326000,215.643993,153.000000,1377.000000
Expert,zoneCoverage,0.875000,0.937500,1.000000,1.000000,1.000000,0.957625,0.054855,0.750000,1.000000
Expert,minSpan,1.000000,1.000000,1.000000,1.000000,1.000000,0.995570,0.022414,0.772152,1.000000
Expert,generationTimeMs,4.078689,4.261281,4.484780,4.707057,4.980384,4.647624,0.901011,3.419198,11.609337
Expert,compositeScore,0.855370,0.920165,1.011490,1.099944,1.174382,1.011921,0.115968,0.783224,1.250000
Expert,difficultyScore,0.405506,0.411500,0.417679,0.424498,0.431032,0.417978,0.010555,0.374751,0.456335
Monster,solutionPathCells,2586.000000,2850.000000,3223.000000,3603.000000,3906.000000,3235.444000,505.613353,2134.000000,4912.000000
Monster,solutionPathFraction,0.258600,0.285000,0.322300,0.360300,0.390600,0.323544,0.050561,0.213400,0.491200
Monster,solutionTurns,1662.000000,1824.000000,2082.000000,2312.000000,2519.000000,2079.576000,328.880787,1361.000000,3137.000000
Monster,turnsPer100PathCells,63.150868,63.693694,64.258555,64.834549,65.409483,64.260406,0.867325,61.389803,66.486178
Monster,solutionDecisionPoints,178.000000,200.000000,229.000000,261.000000,286.000000,230.786000,41.263933,131.000000,372.000000
Monster,decisionPointsPer100PathCells,6.469604,6.773560,7.126050,7.493659,7.746914,7.123906,0.516751,5.456702,8.828187
Monster,averageWrongBranchLength,10.455479,11.823770,13.952381,16.616580,19.503106,14.483984,3.481253,7.393140,27.766917
Monster,maxWrongBranchLength,424.000000,570.000000,760.000000,1008.000000,1266.000000,810.674000,329.389544,213.000000,1935.000000
Monster,zoneCoverage,0.875000,0.937500,1.000000,1.000000,1.000000,0.962625,0.054786,0.750000,1.000000
Monster,minSpan,1.000000,1.000000,1.000000,1.000000,1.000000,0.994869,0.025851,0.777778,1.000000
Monster,generationTimeMs,6.714141,6.969548,7.285717,7.647964,8.032162,7.544672,1.280021,6.173870,17.083781
Monster,compositeScore,0.861731,0.925288,1.013226,1.091847,1.154407,1.010046,0.110055,0.780615,1.250000
Monster,difficultyScore,0.392350,0.397536,0.404080,0.411581,0.418073,0.404512,0.009881,0.376431,0.441576
Wide,solutionPathCells,404.000000,429.000000,463.000000,498.000000,534.000000,464.782000,49.767886,338.000000,619.000000
Wide,solutionPathFraction,0.404000,0.429000,0.463000,0.498000,0.534000,0.464782,0.049768,0.338000,0.619000
Wide,solutionTurns,250.000000,269.000000,291.000000,314.000000,337.000000,292.264000,33.321319,213.000000,404.000000
Wide,turnsPer100PathCells,60.224719,61.616162,62.880325,64.182195,65.566038,62.872279,2.171931,56.617647,70.990566
Wide,solutionDecisionPoints,34.000000,39.000000,44.000000,49.000000,53.000000,43.652000,7.188525,24.000000,64.000000
Wide,decisionPointsPer100PathCells,8.060453,8.669355,9.355509,10.095238,10.672854,9.371005,1.012738,6.053269,11.990950
Wide,averageWrongBranchLength,5.759259,6.641509,7.772727,9.121951,10.783784,8.032182,2.004378,4.118644,14.965517
Wide,maxWrongBranchLength,48.000000,59.000000,72.000000,89.000000,109.000000,76.478000,25.921989,28.000000,184.000000
Wide,zoneCoverage,0.937500,1.000000,1.000000,1.000000,1.000000,0.989000,0.030684,0.750000,1.000000
Wide,minSpan,0.929293,0.969697,1.000000,1.000000,1.000000,0.978404,0.040514,0.696970,1.000000
Wide,generationTimeMs,0.645245,0.673032,0.695144,0.742983,0.994888,0.742809,0.132758,0.608814,1.300643
Wide,compositeScore,0.909158,0.952631,1.003929,1.052740,1.104593,1.003791,0.075321,0.800816,1.236463
Wide,difficultyScore,0.488308,0.492254,0.496755,0.500618,0.505155,0.496645,0.006871,0.472375,0.517665
Tall,solutionPathCells,400.000000,429.000000,461.000000,493.000000,528.000000,461.946000,48.948167,332.000000,608.000000
Tall,solutionPathFraction,0.400000,0.429000,0.461000,0.493000,0.528000,0.461946,0.048948,0.332000,0.608000
Tall,solutionTurns,250.000000,267.000000,289.000000,312.000000,334.000000,290.130000,33.106028,195.000000,396.000000
Tall,turnsPer100PathCells,59.863946,61.390887,62.795699,64.339623,65.587045,62.791466,2.294112,55.955056,70.737327
Tall,solutionDecisionPoints,34.000000,38.000000,43.000000,48.000000,54.000000,43.556000,7.338042,27.000000,67.000000
Tall,decisionPointsPer100PathCells,8.128079,8.678501,9.362550,10.101010,10.752688,9.405529,1.041509,6.635071,13.761468
Tall,averageWrongBranchLength,5.672727,6.660000,7.883721,9.100000,10.567568,7.999064,1.904726,4.031250,14.137931
Tall,maxWrongBranchLength,50.000000,61.000000,73.000000,90.000000,108.000000,77.220000,25.381087,26.000000,242.000000
Tall,zoneCoverage,0.937500,1.000000,1.000000,1.000000,1.000000,0.989625,0.027842,0.875000,1.000000
Tall,minSpan,0.919192,0.969697,1.000000,1.000000,1.000000,0.977677,0.040598,0.727273,1.000000
Tall,generationTimeMs,0.635047,0.656046,0.678267,0.723717,0.952032,0.724019,0.128336,0.603700,1.278154
Tall,compositeScore,0.905495,0.952424,0.997798,1.049066,1.095401,0.999420,0.074611,0.799855,1.219355
Tall,difficultyScore,0.486489,0.491280,0.495919,0.500484,0.505467,0.495877,0.007752,0.468090,0.521313
WideRect,solutionPathCells,569.000000,627.000000,704.000000,790.000000,875.000000,715.216000,117.087358,476.000000,1076.000000
WideRect,solutionPathFraction,0.316111,0.348333,0.391111,0.438889,0.486111,0.397342,0.065049,0.264444,0.597778
WideRect,solutionTurns,362.000000,400.000000,448.000000,505.000000,567.000000,456.138000,76.534378,305.000000,687.000000
WideRect,turnsPer100PathCells,61.451613,62.566138,63.738019,65.037037,66.040462,63.757186,1.763508,58.805970,69.269103
WideRect,solutionDecisionPoints,45.000000,50.000000,59.000000,68.000000,75.000000,59.480000,12.428580,29.000000,101.000000
WideRect,decisionPointsPer100PathCells,7.057057,7.642276,8.300908,8.939974,9.538462,8.303968,0.999629,5.564142,11.519199
WideRect,averageWrongBranchLength,7.072464,8.470588,10.354839,12.509091,14.872340,10.719431,3.173620,4.510870,20.545455
WideRect,maxWrongBranchLength,88.000000,128.000000,176.000000,228.000000,287.000000,181.190000,72.735534,44.000000,450.000000
WideRect,zoneCoverage,0.875000,0.937500,1.000000,1.000000,1.000000,0.950625,0.063304,0.687500,1.000000
WideRect,minSpan,0.949153,1.000000,1.000000,1.000000,1.000000,0.985012,0.043114,0.728814,1.000000
WideRect,generationTimeMs,1.106317,1.136159,1.186150,1.313682,1.544545,1.283741,0.274996,1.010553,3.245224
WideRect,compositeScore,0.844223,0.907258,0.984690,1.073601,1.155196,0.993476,0.114049,0.784509,1.250000
WideRect,difficultyScore,0.450856,0.458426,0.466264,0.472597,0.478241,0.465407,0.010836,0.429742,0.498291
TallRect,solutionPathCells,577.000000,635.000000,711.000000,795.000000,865.000000,716.472000,107.687182,492.000000,1044.000000
TallRect,solutionPathFraction,0.320556,0.352778,0.395000,0.441667,0.480556,0.398040,0.059826,0.273333,0.580000
TallRect,solutionTurns,364.000000,403.000000,451.000000,506.000000,553.000000,456.460000,70.403440,304.000000,663.000000
TallRect,turnsPer100PathCells,61.237374,62.500000,63.720930,64.967105,66.034483,63.700406,1.831172,57.886905,68.658699
TallRect,solutionDecisionPoints,45.000000,51.000000,59.000000,68.000000,75.000000,59.702000,11.714316,31.000000,90.000000
TallRect,decisionPointsPer100PathCells,7.152318,7.577375,8.271787,8.981233,9.768638,8.329053,1.060662,5.751391,12.658228
TallRect,averageWrongBranchLength,7.160000,8.423077,10.350877,12.535714,14.355556,10.655647,2.997798,4.788889,20.612903
TallRect,maxWrongBranchLength,95.000000,127.000000,174.000000,224.000000,281.000000,182.374000,71.962422,51.000000,456.000000
TallRect,zoneCoverage,0.875000,0.937500,1.000000,1.000000,1.000000,0.952750,0.059440,0.750000,1.000000
TallRect,minSpan,0.949153,1.000000,1.000000,1.000000,1.000000,0.987862,0.035049,0.745763,1.000000
TallRect,generationTimeMs,1.119006,1.156149,1.206309,1.411455,1.608478,1.319454,0.300512,1.016751,3.251613
TallRect,compositeScore,0.850971,0.918454,0.987154,1.077736,1.141480,0.996029,0.105758,0.783375,1.250000
TallRect,difficultyScore,0.452346,0.459119,0.466446,0.472275,0.477115,0.465492,0.009680,0.427899,0.488288
